{
  "by_model": {
    "Original (%)": {
      "gpt-4o": 62.0,
      "gpt-4o-mini": 64.0,
      "gpt-5": 59.699999999999996,
      "gpt-5-mini": 64.3,
      "o3-mini": 61.7,
      "o4-mini": 63.800000000000004
    },
    "Rectified (%)": {
      "gpt-4o": 78.57142857142857,
      "gpt-4o-mini": 71.23745819397993,
      "gpt-5": 77.85234899328859,
      "gpt-5-mini": 80.54607508532423,
      "o3-mini": 74.31506849315068,
      "o4-mini": 74.40273037542661
    },
    "\u0394": {
      "gpt-4o": 16.57142857142857,
      "gpt-4o-mini": 7.237458193979933,
      "gpt-5": 18.15234899328859,
      "gpt-5-mini": 16.246075085324236,
      "o3-mini": 12.615068493150673,
      "o4-mini": 10.60273037542661
    }
  },
  "by_dataset": {
    "Original (%)": {
      "ethics": 56.699999999999996,
      "moral_stories": 100.0,
      "social_chem_101": 30.9
    },
    "Rectified (%)": {
      "ethics": 48.04753820033956,
      "moral_stories": 92.46575342465754,
      "social_chem_101": 87.91946308724832
    },
    "\u0394": {
      "ethics": -8.652461799660436,
      "moral_stories": -7.534246575342465,
      "social_chem_101": 57.01946308724832
    }
  },
  "total_samples": 1798,
  "parse_errors": 29
}