dataset,n_points,pearson_r,p_value,significant,mean_morality,mean_accuracy
ETHICS,15,-0.6536635774870853,0.008218237328125731,Yes,82.08454070433942,52.41574993712232
Moral Stories,13,,,No,88.51158375300142,100.0
Social Chemistry 101,13,0.4870380068803827,0.09141370102072123,No,85.14543695356787,36.129188044081644
