{
  "weights": {
    "variance": 0.3333333333333333,
    "drift": 0.3333333333333333,
    "stability": 0.3333333333333333
  },
  "overall_stats": {
    "mean": 0.4599924329129147,
    "std": 0.14595062863958447,
    "min": 0.08508092325668715,
    "max": 0.8709901564209392,
    "median": 0.45796557584883446
  },
  "by_category": {
    "bounce": {
      "mean": 0.4579482101576633,
      "std": 0.08518151706307633,
      "count": 2168
    },
    "high_entropy": {
      "mean": 0.2921446630606044,
      "std": 0.07964379938594347,
      "count": 807
    },
    "single_framework": {
      "mean": 0.6852501224526881,
      "std": 0.04899593559486778,
      "count": 621
    }
  },
  "by_model": {
    "llama": {
      "mean": 0.4555443785891913,
      "std": 0.15001109450200803,
      "count": 1699
    },
    "qwen": {
      "mean": 0.45662051249499264,
      "std": 0.14848527679417012,
      "count": 1458
    },
    "unknown": {
      "mean": 0.48840588226447834,
      "std": 0.11547188239058274,
      "count": 439
    }
  },
  "correlations": {
    "fdr_vs_mrc": -0.8899095805860908,
    "entropy_vs_mrc": -0.3936835251397808
  }
}