dataset,n_points,pearson_r,p_value,significant,mean_morality,mean_accuracy_rectified
ETHICS,15,-0.26357992658027923,0.34251272568750507,No,82.08454070433942,47.2401355445698
Moral Stories,13,-0.04154293334347756,0.8928103106538382,No,88.51158375300142,95.49887867863782
Social Chemistry 101,13,-0.45596921426402925,0.11735079049536791,No,85.14543695356787,85.48914146449656
