from,kantian_deontology,benthamite_act_utilitarianism,aristotelian_virtue_ethics,scanlonian_contractualism,gauthierian_contractarianism
kantian_deontology,0.5156046814044213,0.23667100130039012,0.12093628088426528,0.1222366710013004,0.004551365409622887
benthamite_act_utilitarianism,0.35071090047393366,0.42274881516587676,0.11279620853080569,0.10900473933649289,0.004739336492890996
aristotelian_virtue_ethics,0.26171875,0.3359375,0.30078125,0.09765625,0.00390625
scanlonian_contractualism,0.3390191897654584,0.255863539445629,0.1257995735607676,0.26865671641791045,0.010660980810234541
gauthierian_contractarianism,0.17391304347826086,0.34782608695652173,0.17391304347826086,0.17391304347826086,0.13043478260869565
