step2_framework,kantian_deontology,benthamite_act_utilitarianism,aristotelian_virtue_ethics,scanlonian_contractualism,gauthierian_contractarianism
kantian_deontology,0.3483483483483483,0.3633633633633634,0.0960960960960961,0.18618618618618618,0.006006006006006006
benthamite_act_utilitarianism,0.10764872521246459,0.6968838526912181,0.0679886685552408,0.11048158640226628,0.0169971671388102
aristotelian_virtue_ethics,0.11452513966480447,0.4888268156424581,0.25139664804469275,0.13687150837988826,0.008379888268156424
scanlonian_contractualism,0.11403508771929824,0.32456140350877194,0.11403508771929824,0.43859649122807015,0.008771929824561403
gauthierian_contractarianism,0.10256410256410256,0.41025641025641024,0.10256410256410256,0.3333333333333333,0.05128205128205128
