step2_framework,kantian_deontology,benthamite_act_utilitarianism,aristotelian_virtue_ethics,scanlonian_contractualism,gauthierian_contractarianism
kantian_deontology,0.30158730158730157,0.4603174603174603,0.09206349206349207,0.14285714285714285,0.0031746031746031746
benthamite_act_utilitarianism,0.11743772241992882,0.6761565836298933,0.09252669039145907,0.1103202846975089,0.0035587188612099642
aristotelian_virtue_ethics,0.1021377672209026,0.4489311163895487,0.28028503562945367,0.16864608076009502,0.0
scanlonian_contractualism,0.1592356687898089,0.3821656050955414,0.12101910828025478,0.3248407643312102,0.012738853503184714
gauthierian_contractarianism,0.038461538461538464,0.5769230769230769,0.11538461538461539,0.23076923076923078,0.038461538461538464
